id,predicted_label
0,Low
1,Medium-High
2,Low
3,Medium-High
4,High
5,High
6,Medium
7,Medium-Low
8,Medium-High
9,Medium
10,Low
11,Low
12,Low
13,Medium
14,Medium-High
15,Medium
16,Medium-High
17,Low
18,Low
19,Medium-Low
20,Medium
21,High
22,High
23,Medium
24,Medium-High
25,Medium-Low
26,Low
27,Medium
28,High
29,High
30,High
31,Low
32,Medium-High
33,Low
34,Medium
35,High
36,Medium-Low
37,Medium-High
38,Medium-Low
39,Low
40,High
41,Low
42,Medium-Low
43,Low
44,High
45,Medium-High
46,Medium-High
47,Low
48,Medium-High
49,High
50,Low
51,Medium
52,Medium-Low
53,Medium
54,High
55,Medium-High
56,High
57,High
58,Medium-Low
59,Medium-High
60,Low
61,Medium-High
62,Low
63,Low
64,Medium-High
65,Medium-Low
66,Low
67,Medium
68,High
69,Medium-Low
70,High
71,High
72,Medium
73,Medium-Low
74,High
75,Medium-High
76,Medium
77,Low
78,Medium
79,Medium-High
80,Medium-High
81,High
82,High
83,Low
84,Medium
85,Medium-High
86,High
87,High
88,Medium
89,High
90,Low
91,Medium
92,Medium-High
93,Medium-Low
94,Medium-Low
95,Low
96,High
97,Medium-High
98,Medium
99,Medium
100,Low
101,Medium-High
102,Medium-High
103,Medium
104,Medium-High
105,Medium-Low
106,Medium-High
107,Low
108,Medium-Low
109,Medium-Low
110,Medium-Low
111,Medium
112,Medium
113,Medium-Low
114,High
115,Medium-High
116,Low
117,Medium-High
118,High
119,Low
120,Low
121,High
122,Low
123,Medium-Low
124,Medium-Low
125,Medium-High
126,Medium
127,Medium-Low
128,Medium-Low
129,Low
130,Medium-High
131,Medium-Low
132,Medium-Low
133,Medium-Low
134,High
135,Low
136,Medium
137,Medium-Low
138,High
139,Medium
140,Medium
141,Medium
142,Medium-High
143,Medium
144,Low
145,Medium-High
146,Medium
147,High
148,Low
149,Medium
150,Low
151,Low
152,Medium
153,Medium-Low
154,Low
155,Medium
156,Medium-Low
157,Low
158,Low
159,Medium
160,Medium
161,Medium
162,Medium-High
163,Low
164,Medium-Low
165,Medium-High
166,Low
167,Medium
168,Medium
169,Medium
170,Medium-High
171,Medium
172,Medium-High
173,Medium
174,Medium-High
175,Medium
176,Medium-High
177,Low
178,Medium-Low
179,Medium-Low
180,Low
181,Medium
182,Medium
183,High
184,Medium-High
185,Medium-Low
186,Medium-High
187,Low
188,Medium-High
189,High
190,High
191,Medium-Low
192,Low
193,Medium
194,Medium-High
195,Medium
196,Medium-Low
197,Medium
198,Medium-High
199,Medium-High
200,Medium
201,Medium-Low
202,Medium
203,Medium-High
204,Medium-High
205,High
206,Medium-High
207,High
208,Medium-Low
209,Low
210,Medium-High
211,High
212,Medium-High
213,High
214,Medium
215,High
216,Medium-Low
217,High
218,Medium
219,High
220,Medium
221,High
222,High
223,Medium-High
224,Medium-High
225,Medium-High
226,High
227,Medium
228,Medium-Low
229,High
230,High
231,Low
232,Medium-Low
233,High
234,High
235,Low
236,Low
237,High
238,Low
239,High
240,Low
241,Medium-Low
242,Low
243,High
244,Medium-Low
245,Medium-High
246,Medium-Low
247,High
248,Medium-High
249,Medium
250,Medium-Low
251,Medium
252,Medium-Low
253,Medium
254,Low
255,High
256,Medium-High
257,Medium-Low
258,Medium-High
259,Medium
260,Medium-High
261,Medium-Low
262,Medium-Low
263,High
264,Medium
265,Medium-Low
266,Low
267,Medium-High
268,Low
269,Medium-Low
270,Medium-Low
271,Low
272,Low
273,Medium-Low
274,Medium
275,High
276,High
277,High
278,High
279,High
280,Medium
281,Medium-Low
282,Low
283,Low
284,High
285,Medium
286,High
287,Medium-High
288,Medium-High
289,Medium-High
290,Low
291,Medium
292,Medium-Low
293,Medium-High
294,Medium-Low
295,Medium-Low
296,Medium-High
297,Medium
298,Medium-Low
299,Medium-High
300,Low
301,Medium-High
302,Low
303,Low
304,Medium
305,High
306,Low
307,High
308,High
309,Medium-Low
310,Low
311,Medium
312,Medium-High
313,Medium
314,Low
315,Medium-High
316,Medium-High
317,Low
318,Medium-Low
319,Low
320,Low
321,Medium-Low
322,Medium-Low
323,Medium
324,Low
325,Medium-High
326,Medium-High
327,Medium-Low
328,High
329,Low
330,High
331,Low
332,High
333,Medium-Low
334,Low
335,Medium-High
336,Medium-Low
337,Medium-Low
338,High
339,Medium
340,Low
341,Low
342,Medium
343,Medium-High
344,Low
345,High
346,High
347,High
348,Low
349,Medium
350,Medium-Low
351,Medium
352,Medium-High
353,High
354,Medium-High
355,Medium-High
356,High
357,High
358,Medium-Low
359,Medium-Low
360,Medium
361,Medium-High
362,Medium
363,Medium-Low
364,Medium-Low
365,Medium-High
366,Low
367,Medium
368,Medium-Low
369,Low
370,High
371,Medium
372,Medium-High
373,Medium-Low
374,Low
375,Medium
376,High
377,Medium-High
378,Low
379,Medium
380,High
381,Medium-Low
382,Medium-High
383,Low
384,Medium-High
385,High
386,Low
387,Low
388,Medium
389,Low
390,Low
391,Medium-High
392,Medium
393,Low
394,Medium-Low
395,High
396,Medium
397,Low
398,Medium
399,Medium
400,High
401,High
402,Medium
403,Medium-Low
404,Low
405,Low
406,Medium
407,Low
408,Medium
409,Medium
410,Medium-Low
411,Medium
412,Low
413,Medium-Low
414,Low
415,High
416,Medium-High
417,Low
418,Medium-Low
419,Medium
420,High
421,Medium
422,Low
423,Medium-Low
424,Low
425,Low
426,High
427,Low
428,Medium-Low
429,Medium
430,Medium
431,Medium-Low
432,Medium
433,Medium-Low
434,Low
435,Medium-Low
436,Medium-High
437,Medium-High
438,Medium-Low
439,Medium
440,Low
441,Medium-High
442,Medium-Low
443,Medium
444,Low
445,Medium
446,High
447,Low
448,Low
449,Medium
450,Low
451,High
452,High
453,Medium
454,Medium-High
455,High
456,Medium-Low
457,Medium-Low
458,Medium
459,Medium-Low
460,High
461,High
462,Medium-High
463,Medium
464,Medium
465,Medium
466,Medium-High
467,Medium
468,Medium-Low
469,Medium-Low
470,High
471,Low
472,High
473,High
474,Medium-Low
475,Medium
476,Medium
477,High
478,Medium-Low
479,Low
480,High
481,Low
482,Low
483,High
484,Medium-High
485,Medium-High
486,Medium-High
487,Medium
488,High
489,Low
490,Medium-High
491,Medium-Low
492,Low
493,Medium-High
494,Medium
495,Medium
496,Medium
497,Medium-High
498,Medium-High
499,Medium
500,Low
501,Medium
502,Medium
503,Medium
504,Low
505,Medium
506,High
507,Medium
508,Medium-Low
509,Medium-Low
510,Medium-Low
511,Low
512,Medium-Low
513,Medium-High
514,Low
515,High
516,Medium-High
517,Medium-Low
518,Low
519,Low
520,Medium-Low
521,Medium
522,High
523,Medium
524,Low
525,Medium-High
526,Medium
527,Medium-Low
528,High
529,Medium-High
530,Medium-Low
531,Medium-High
532,High
533,High
534,Medium-High
535,Medium-Low
536,Medium
537,Medium-Low
538,High
539,High
540,Medium-High
541,Medium-Low
542,Medium-Low
543,Medium
544,High
545,Medium-Low
546,Medium-High
547,Medium-Low
548,Medium-High
549,Medium
550,Medium-Low
551,Medium
552,Medium-Low
553,Low
554,Medium
555,Medium-High
556,Medium-Low
557,High
558,Low
559,Medium
560,Low
561,High
562,Low
563,Medium-Low
564,Low
565,Low
566,Medium-Low
567,High
568,Medium-Low
569,Medium
570,Low
571,Medium-High
572,High
573,Medium-Low
574,Medium
575,High
576,Medium-High
577,Low
578,Low
579,Low
580,Low
581,Medium
582,Medium-High
583,Low
584,Medium-High
585,Low
586,Medium-Low
587,High
588,Medium-Low
589,Medium-Low
590,Medium
591,Low
592,Medium-Low
593,Medium
594,Medium-High
595,Low
596,Medium-Low
597,High
598,Low
599,Medium-Low
600,Low
601,Medium
602,Medium
603,Low
604,Low
605,Medium-Low
606,Low
607,Medium
608,Medium-Low
609,Medium-High
610,Medium
611,Medium-High
612,Medium
613,Medium
614,Low
615,High
616,Medium
617,High
618,Medium
619,Medium-High
620,Medium
621,Medium
622,High
623,Medium-Low
624,Medium-High
625,Medium-High
626,Medium
627,Low
628,Low
629,Medium-Low
630,Medium-High
631,Medium-High
632,Medium-High
633,Medium-High
634,Medium-Low
635,Low
636,High
637,Medium-Low
638,Medium-Low
639,Medium-Low
640,High
641,Medium-Low
642,Medium-Low
643,Medium-Low
644,High
645,High
646,High
647,High
648,Medium-High
649,Medium
650,High
651,Medium-Low
652,Low
653,Medium-High
654,Medium
655,Medium
656,Low
657,Low
658,Low
659,Low
660,Medium
661,Low
662,Low
663,Medium-High
664,Medium-High
665,Medium-High
666,Low
667,High
668,Medium
669,Medium-High
670,High
671,Medium-High
672,Low
673,Medium-Low
674,Low
675,Medium-High
676,Low
677,Medium-High
678,Medium-High
679,Medium-High
680,High
681,High
682,Low
683,High
684,Medium
685,Medium-Low
686,Medium-Low
687,Medium
688,Low
689,High
690,Medium-Low
691,Medium-High
692,Medium-High
693,Medium
694,Medium-High
695,High
696,High
697,Medium-Low
698,Medium-High
699,Low
700,Medium
701,Low
702,Medium
703,Medium
704,Medium-Low
705,Medium
706,Medium-High
707,Medium-High
708,Low
709,Medium
710,High
711,High
712,High
713,High
714,Medium-Low
715,Medium-Low
716,Medium-High
717,Medium-Low
718,Medium
719,High
720,High
721,Medium-Low
722,Low
723,Medium-Low
724,Medium-High
725,Low
726,Medium
727,Low
728,Medium-Low
729,Medium-Low
730,Low
731,Medium-Low
732,Medium-Low
733,High
734,Medium-High
735,High
736,Medium-High
737,Low
738,Medium-High
739,Low
740,Medium-High
741,Medium-Low
742,Medium
743,Low
744,Medium-Low
745,Medium
746,Low
747,Medium-Low
748,Medium
749,Medium-Low
750,Medium-Low
751,Medium-High
752,Medium-High
753,Medium-Low
754,Medium-Low
755,Low
756,Medium-Low
757,Low
758,Medium
759,Medium-Low
760,High
761,Medium-Low
762,Medium
763,Medium-Low
764,High
765,Medium-High
766,Medium-Low
767,Medium-Low
768,Low
769,Medium
770,Medium
771,Medium-Low
772,Medium-High
773,Medium-High
774,Medium-High
775,Medium-High
776,High
777,Medium-High
778,Medium-Low
779,Medium-Low
780,Medium
781,Medium-Low
782,Low
783,High
784,Medium-High
785,Low
786,Medium
787,Low
788,Medium-Low
789,Medium
790,Medium-High
791,Medium
792,Medium-High
793,High
794,Medium
795,Medium-High
796,Medium
797,Medium-Low
798,Medium-High
799,Medium-High
800,High
801,Medium-High
802,High
803,Low
804,Medium-High
805,Low
806,Medium-Low
807,Medium
808,Medium-Low
809,Low
810,Medium-High
811,Medium-High
812,Medium
813,Medium
814,Low
815,Medium-High
816,Low
817,Medium-High
818,Medium
819,Low
820,Low
821,Low
822,Medium
823,Low
824,Medium-High
825,Medium-Low
826,High
827,Medium-Low
828,High
829,Medium-High
830,Low
831,Medium
832,Medium
833,Medium-Low
834,High
835,Medium-High
836,High
837,Medium
838,Medium-Low
839,Low
840,Medium
841,Low
842,Medium-High
843,Medium
844,Medium-High
845,Low
846,Medium-High
847,Medium
848,Low
849,Low
850,Medium-Low
851,Medium-Low
852,Medium-Low
853,Medium-Low
854,Low
855,Medium-High
856,High
857,High
858,High
859,High
860,Low
861,Medium
862,Medium
863,Low
864,Medium
865,Medium-High
866,Medium
867,Medium
868,Medium-Low
869,Medium-Low
870,Medium
871,Medium-Low
872,High
873,Medium
874,High
875,Medium-High
876,Medium-Low
877,Medium-Low
878,Medium-High
879,Medium-High
880,High
881,Medium-High
882,Medium-Low
883,Low
884,High
885,Medium-Low
886,High
887,High
888,Medium
889,High
890,Medium-High
891,Medium-Low
892,Medium
893,Low
894,Low
895,Low
896,Medium-High
897,High
898,Low
899,Low
900,Medium-Low
901,Medium-High
902,Medium-Low
903,Medium-Low
904,High
905,Low
906,Medium-Low
907,Medium-Low
908,Low
909,Medium-Low
910,Medium
911,Low
912,Medium-Low
913,Medium-High
914,High
915,Low
916,Low
917,Medium-High
918,Medium
919,Medium-High
920,Low
921,Medium-High
922,High
923,Medium
924,Medium
925,Medium
926,Medium-High
927,Medium
928,High
929,High
930,Medium
931,High
932,Medium
933,High
934,Medium-Low
935,High
936,High
937,High
938,Medium
939,Low
940,High
941,Medium-Low
942,High
943,Medium
944,Medium-Low
945,Low
946,Medium
947,Medium
948,Medium-Low
949,Low
950,Medium
951,Medium
952,Medium
953,Medium-High
954,Medium-Low
955,Medium-High
956,Medium-Low
957,Medium
958,Medium-Low
959,Medium-High
960,High
961,Medium
962,Medium-Low
963,Low
964,Low
965,Medium
966,High
967,Medium-Low
968,High
969,High
970,High
971,High
972,High
973,Medium
974,Medium-High
975,Low
976,Low
977,Medium-High
978,Medium
979,Medium-Low
980,High
981,Medium-Low
982,High
983,Medium
984,Medium-Low
985,Low
986,Medium-High
987,Medium
988,Medium-High
989,Medium
990,Medium
991,High
992,Medium-High
993,Low
994,Medium-Low
995,Medium
996,Medium-High
997,Medium
998,High
999,Medium-High
1000,High
1001,Medium-High
1002,High
1003,Medium-High
1004,Medium-Low
1005,High
1006,Medium-High
1007,Medium-Low
1008,Low
1009,Medium-Low
1010,Medium-Low
1011,Low
1012,Medium-High
1013,Medium
1014,Medium-High
1015,Medium
1016,Medium-High
1017,Medium-High
1018,High
1019,Medium-High
1020,Low
1021,Medium-Low
1022,Medium-High
1023,Medium-High
1024,Medium-Low
1025,Medium-High
1026,Medium-High
1027,Medium-Low
1028,Medium-High
1029,Medium-Low
1030,Medium-High
1031,Medium-High
1032,Medium-Low
1033,Medium-High
1034,Medium-Low
1035,High
1036,Medium-Low
1037,Medium
1038,High
1039,Medium
1040,Medium
1041,High
1042,Medium-High
1043,Medium
1044,Medium-Low
1045,Medium
1046,High
1047,Medium
1048,Medium-Low
1049,Low
1050,Medium-Low
1051,Medium-Low
1052,Medium
1053,Medium-Low
1054,Medium-Low
1055,Medium-Low
1056,Medium
1057,Low
1058,Medium-Low
1059,Medium
1060,Medium
1061,Low
1062,Medium-Low
1063,Medium-High
1064,Low
1065,Medium
1066,Medium-Low
1067,High
1068,Medium
1069,Low
1070,Low
1071,Low
1072,High
1073,High
1074,Medium-High
1075,Medium
1076,Medium-Low
1077,Medium
1078,Medium-Low
1079,Medium-High
1080,High
1081,High
1082,Medium-Low
1083,Medium-High
1084,Low
1085,Medium-Low
1086,Medium-High
1087,Medium
1088,High
1089,High
1090,High
1091,Low
1092,Medium-High
1093,Medium-High
1094,Medium-High
1095,High
1096,Medium
1097,High
1098,Low
1099,Medium-Low
1100,Medium-High
1101,Medium
1102,Low
1103,Low
1104,Low
1105,Medium
1106,High
1107,Medium-High
1108,High
1109,Low
1110,Medium-High
1111,Medium-High
1112,Medium-Low
1113,Low
1114,Medium
1115,Medium-Low
1116,Medium-High
1117,High
1118,High
